supplier_name,invoice_no,invoice_date,total_amount_,paid_amount_,balance_amount_,tds,payment_ratio
CASH MEMO,MUSKAN BIRYANI,2025-04-01,840.0,840.0,0.0,0.0,1.0
SUPERWELD SOURCES PVT LTD,110/2526,2025-04-01,45953.0,45953.0,0.0,0.0,1.0
S.S. SALES & SERVICES,SS25-26/0001,2025-04-01,10053.6,0.0,10053.6,0.0,0.0
MAHARASHTRA HARDWARE,20059,2025-04-01,2714.0,2714.0,0.0,0.0,1.0
MAHARASHTRA HARDWARE,20077,2025-04-02,472.0,472.0,0.0,0.0,1.0
MAHARASHTRA HARDWARE,20083,2025-04-02,343.38,343.38,0.0,0.0,1.0
CASH MEMO,STAPM PAPER PURCHASED,2025-04-02,600.0,600.0,0.0,0.0,1.0
MAITRI METALS PVT. LTD.,MEG/V/0021/25-26,2025-04-02,30090.0,30090.0,0.0,0.0,1.0
INDIAN ELECTRICALS,IE/25-26/0005,2025-04-02,38930.56,38930.56,0.0,0.0,1.0
GRIND POWER SOLUTION,GPS/0008/25-26,2025-04-02,2183.0,2183.0,0.0,0.0,1.0
RISER TOOLS,RT/2025-26-1,2025-04-03,3069.18,3069.18,0.0,0.0,1.0
GEETA SURFACE COATINGS,28/2025-26,2025-04-04,110448.0,0.0,110448.0,0.0,0.0
ULTRAQUERY TECHNOLOGIES INDIA PVT LTD,UT/SL/25-26/14,2025-04-04,3811.16,0.0,3811.16,0.0,0.0
SHEKASA ENGINEERING,8/25/2026,2025-04-04,2059.1,0.0,2059.1,0.0,0.0
CASH MEMO,SHREYA TRANSPORT SERVICES-STS-0081/25-26,2025-04-05,1850.0,0.0,1850.0,0.0,0.0
MAHARASHTRA HARDWARE,20114,2025-04-05,1416.0,1416.0,0.0,0.0,1.0
SANGHVI INTERNATIONAL,SI/020/25-26,2025-04-05,14868.0,0.0,14868.0,0.0,0.0
SIDDHI ENTERPRISES,25-26/25,2025-04-05,13275.0,13275.0,0.0,0.0,1.0
RITIKA SALES,185,2025-04-05,3540.0,0.0,3540.0,0.0,0.0
MAITRI METALS PVT. LTD.,MEG/V/0083/25-26,2025-04-05,42480.0,42480.0,0.0,0.0,1.0
MAITRI METALS PVT. LTD.,MPD/25-26/0024,2025-04-05,159005.0,159005.0,0.0,0.0,1.0
CLASSIC LASER INDUSTRIES,19/25-26,2025-04-05,2820.16,0.0,2820.16,0.0,0.0
ESSTECH ENGINEERING,092,2025-04-05,15332.8,0.0,15332.8,0.0,0.0
NAYARA ENERGY,(DG-36.70 LTR)-D0138,2025-04-05,3323.55,3323.55,0.0,0.0,1.0
CASH MEMO,(PURCHASE RECHARGE-MAR),2025-04-05,202.0,202.0,0.0,0.0,1.0
CASH MEMO,(PURCHASE RECHARGE-APR),2025-04-05,202.0,202.0,0.0,0.0,1.0
CASH MEMO,(MARUTI COURIER-MUMBAI),2025-04-05,90.0,90.0,0.0,0.0,1.0
CASH MEMO,(PUJA NOVELTY),2025-04-05,300.0,300.0,0.0,0.0,1.0
EMPLOYEE PROVIDEND FUND ORGANISATION,'3152504006397,2025-04-06,57983.0,57983.0,0.0,0.0,1.0
GRIND POWER SOLUTION,GPS/0018/25-26,2025-04-06,5723.0,5723.0,0.0,0.0,1.0
GAURAV NDT SERVICES,GNS-25-26/006,2025-04-07,2501.6,0.0,2501.6,0.0,0.0
SUPERWELD SOURCES PVT LTD,935/2526,2025-04-07,8448.8,8448.8,0.0,0.0,1.0
NAYARA ENERGY,MH14KA1694)-D0175,2025-04-07,2772.0,2772.0,0.0,0.0,1.0
EQUIFAB INDIA PVT.LTD,EIPL-1/2025-26,2025-04-07,168504.0,0.0,168504.0,0.0,0.0
EQUIFAB INDIA PVT.LTD,EIPL-2/2025-26,2025-04-07,224436.0,0.0,224436.0,0.0,0.0
MASTERLUBE ENGINEERS PVT. LTD,MLEPL/008/25-26,2025-04-07,1860.86,0.0,1860.86,0.0,0.0
CASH MEMO,HR NO RECHARGE,2025-04-07,202.0,202.0,0.0,0.0,1.0
CASH MEMO,angle1500*80,2025-04-07,120.0,120.0,0.0,0.0,1.0
CASH MEMO,COFFEE PURCHASED,2025-04-08,100.0,100.0,0.0,0.0,1.0
POONA PIPES AND FITTINGS,216/25-26,2025-04-08,2876.84,0.0,2876.84,0.0,0.0
CASH MEMO,TIRANGA ELECTRONIC WEIGH BRIDGE-7726,2025-04-08,500.0,500.0,0.0,0.0,1.0
CASH MEMO,TIRANGA ELECTRONIC WEIGH BRIDGE-7723,2025-04-08,500.0,500.0,0.0,0.0,1.0
HI-TECH POLYMERS,HTP/25-26/00210,2025-04-08,212.4,212.4,0.0,0.0,1.0
SACHIN ELECTRIC & MOTER RWINDING,159,2025-04-08,2200.0,0.0,2200.0,0.0,0.0
MAULI ENTERPRISES,30/25-26,2025-04-08,2371.8,0.0,2371.8,0.0,0.0
S.S. SALES & SERVICES,SS25-26/0009,2025-04-08,21358.0,0.0,21358.0,0.0,0.0
PLATING ENGINEERING,19,2025-04-09,2392.03,0.0,2392.03,0.0,0.0
SANGHVI INTERNATIONAL,SI/031/25-26,2025-04-09,41842.8,0.0,41842.8,0.0,0.0
NEHA ENTERPRISES,NE-33/24-25,2025-04-09,2006.0,2006.0,0.0,0.0,1.0
CASH MEMO,CASH VOUCHER PURCHASED FOR EQUIFAB,2025-04-10,195.0,195.0,0.0,0.0,1.0
MASTERLUBE ENGINEERS PVT. LTD,MLEPL/011/25-26,2025-04-11,77993.28,0.0,77993.28,0.0,0.0
V4 CARO,3001792172,2025-04-11,1594.0,0.0,0.0,0.0,0.0
MAULI ENTERPRISES,26/25-26,2025-04-11,637.2,0.0,637.2,0.0,0.0
DHANSHREE ENTERPRISES,25-26/119,2025-04-11,4771.33,0.0,4771.33,0.0,0.0
SUPERWELD SOURCES PVT LTD,1384/2526,2025-04-11,4956.0,4956.0,0.0,0.0,1.0
MAHARASHTRA HARDWARE,20208,2025-04-11,495.6,495.6,0.0,0.0,1.0
ESIC-EMPLOYEES STATE INSURANCE CORPORATION,0036834419,2025-04-11,8380.0,8380.0,0.0,0.0,1.0
CASH MEMO,8183,2025-04-12,500.0,500.0,0.0,0.0,1.0
CASH MEMO,BALAJI TRADERS,2025-04-12,898.0,898.0,0.0,0.0,1.0
CASH MEMO,Wheel Soap Purchased,2025-04-13,0.0,0.0,0.0,0.0,
CASH MEMO,TIRANGA ELECTRONIC WEIGH BRIDGE,2025-04-13,500.0,500.0,0.0,0.0,1.0
S.S. SALES & SERVICES,SS25-26/0020,2025-04-13,3245.0,0.0,3245.0,0.0,0.0
SAINIK MEDICAL,3282,2025-04-13,1490.0,1490.0,0.0,0.0,1.0
GRIND POWER SOLUTION,GPS/0034/25-26,2025-04-14,519.2,519.2,0.0,0.0,1.0
G D LIGHTS,GD/25-26/0029,2025-04-14,32096.0,32096.0,0.0,0.0,1.0
SAROVAR TUBES INDUSTRIES,36/2025-26,2025-04-14,3082.16,0.0,3082.16,0.0,0.0
CASH MEMO,DHANASHREE HOSPITAL MOSHI-MANIK SIR,2025-04-04,7598.0,7598.0,0.0,0.0,1.0
AVINASH CARGO PVT LTD,2509000531,2025-04-15,300.0,0.0,300.0,0.0,0.0
MAHAVITARAN,000002828817260,2025-04-15,65360.0,65360.0,0.0,0.0,1.0
SHEKASA ENGINEERING,23/25-26,2025-04-15,55660.6,0.0,55660.6,0.0,0.0
CLASSIC LASER INDUSTRIES,109/25-26,2025-04-15,4788.0,0.0,4788.0,0.0,0.0
S. S. ENTERPRISE,25-26/016,2025-04-15,554.6,0.0,554.6,0.0,0.0
MOHAMMED & SONS,048,2025-04-15,4720.0,0.0,4720.0,0.0,0.0
MAULI ENTERPRISES,68/25-26,2025-04-15,1355.0,0.0,1355.0,0.0,0.0
GAJANAN ELECTRICAL,25-26/03,2025-04-15,10313.2,10313.2,0.0,0.0,1.0
CSA FITTINGS,CF/25-26/90,2025-04-15,6490.0,6490.0,0.0,0.0,1.0
MAHARASHTRA HARDWARE,20266,2025-04-16,778.8,778.8,0.0,0.0,1.0
SWASTIK ENGINEERING WORKS,010/25-26,2025-04-16,6790.9,0.0,6790.9,0.0,0.0
AVINASH CARGO PVT LTD,2509101003,2025-04-16,601.0,601.0,0.0,0.0,1.0
SIDDHI ENTERPRISES,25-26/106,2025-04-16,7965.0,7965.0,0.0,0.0,1.0
GAURAV NDT SERVICES,GNS-25-26-019,2025-04-17,2301.0,0.0,2301.0,0.0,0.0
GAURAV NDT SERVICES,GNS-25-26-020,2025-04-17,8283.6,0.0,8283.6,0.0,0.0
NAYANA PETROLEUM,D0272,2025-04-17,3300.0,3300.0,0.0,0.0,1.0
GEETA SURFACE COATINGS,173/2025-26,2025-04-17,6372.0,0.0,0.0,0.0,0.0
K.V.INDUSTRIES,L016/25-26,2025-04-17,8985.58,8985.58,0.0,0.0,1.0
G M VALVE PVT. LTD,ISL25260290,2025-04-17,33630.0,0.0,33630.0,0.0,0.0
AVINASH CARGO PVT LTD,2500300602,2025-04-18,683.0,683.0,0.0,0.0,1.0
SUPERWELD SOURCES PVT LTD,2339/2526,2025-04-10,13192.4,13192.4,0.0,0.0,1.0
TRACKON COURIERS PVT LTD,900017410868,2025-04-18,850.0,850.0,0.0,0.0,1.0
SIDDHI ENTERPRISES,25-26/124,2025-04-18,5239.2,5239.2,0.0,0.0,1.0
Posadi Industrial Products,2526PIPINV-6,2025-04-18,41418.0,41418.0,0.0,0.0,1.0
EQUIFAB INDIA PVT.LTD,EIPL-3/2025-26,2025-04-18,382320.0,0.0,382320.0,0.0,0.0
EQUIFAB INDIA PVT.LTD,EIPL-4/2025-26,2025-04-18,93220.0,0.0,93220.0,0.0,0.0
Precision Auto Engineers,G-2526/62,2025-04-18,2416.64,0.0,2416.64,0.0,0.0
SHEKASA ENGINEERING,32/25-26,2025-04-19,4805.08,0.0,4805.08,0.0,0.0
HOTEL CLASSIO,16,2025-04-19,2090.0,2090.0,0.0,0.0,1.0
CASH MEMO,TIRANGA ELECTRONIC WEIGH BRIDGE-8787,2025-04-19,500.0,500.0,0.0,0.0,1.0
CASH MEMO,TIRANGA ELECTRONIC WEIGH BRIDGE-8791,2025-04-19,500.0,500.0,0.0,0.0,1.0
RAVIRAJ ANODISERS,25-26/11,2025-04-19,2301.0,0.0,2301.0,0.0,0.0
POONA PIPES AND FITTINGS,542/25-26,2025-04-20,13430.29,0.0,13430.29,0.0,0.0
POOJA PRESSING WORKS,16,2025-04-20,1680.0,0.0,1680.0,0.0,0.0
MAULI ENTERPRISES,120/25-26,2025-04-21,708.0,0.0,708.0,0.0,0.0
SIDDHI ENTERPRISES,25-26/146,2025-04-21,5239.2,5239.2,0.0,0.0,1.0
MAHARASHTRA HARDWARE,20346,2025-04-21,339.84,0.0,339.84,0.0,0.0
AVINASH CARGO PVT LTD,2554900241,2025-04-21,810.0,810.0,0.0,0.0,1.0
STEELFIT ENGINEERING CO.,T-25-26/0047,2025-04-21,25960.0,25960.0,0.0,0.0,1.0
METAL IMPEX INDIA,33,2025-04-22,27435.0,0.0,27435.0,0.0,0.0
GEETA SURFACE COATINGS,231/2025-26,2025-04-22,25488.0,0.0,25488.0,0.0,0.0
REASONABLE TOOLS & HARDWARE STORE,RT0161/25-26,2025-04-22,9357.4,9357.4,0.0,0.0,1.0
SHREE MARUTI COURIER,WIKA,2025-04-22,40.0,40.0,0.0,0.0,1.0
ELCA QUALITY SYSTEMS & CALIBRATIONS PVT.LTD,25-26/P1343,2025-04-22,26361.2,26361.2,0.0,0.0,1.0
ELCA QUALITY SYSTEMS & CALIBRATIONS PVT.LTD,25-26/P1377,2025-04-22,15576.0,15576.0,0.0,0.0,1.0
NAYARA ENERGY,D0562-(MH14KA1694),2025-06-23,3375.0,3375.0,0.0,0.0,1.0
HOTEL CLASSIO,26,2025-04-23,821.0,821.0,0.0,0.0,1.0
BHAGWATI TOOLS PVT.LTD,BTPL-0171,2025-04-23,708.0,0.0,708.0,0.0,0.0
RAVIRAJ ANODISERS,25-26/91,2025-04-23,531.0,0.0,531.0,0.0,0.0
SANGHVI INTERNATIONAL,SI/071/25-26,2025-04-23,44427.0,0.0,44427.0,0.0,0.0
MAULI ENTERPRISES,137/25-26,2025-04-23,1274.4,0.0,1274.4,0.0,0.0
GEETA SURFACE COATINGS,243/2025-26,2025-04-23,4248.0,0.0,4248.0,0.0,0.0
CASH MEMO,(ACID PURCHASED),2025-04-24,150.0,150.0,0.0,0.0,1.0
EQUIFAB INDIA PVT.LTD,EIPL-5/2025-26,2025-04-24,41772.0,0.0,41772.0,0.0,0.0
SHARDA ENTERPRISES,362/2025-26,2025-04-24,1062.0,0.0,1062.0,0.0,0.0
ADVANCE NDT SERVICES,ANS/25-26/61,2025-04-25,28320.0,28320.0,0.0,0.0,1.0
SWASTIK ENGINEERING WORKS,019/25-26,2025-04-25,33600.5,0.0,33600.5,0.0,0.0
AVINASH CARGO PVT LTD,2509101607,2025-04-25,601.0,601.0,0.0,0.0,1.0
GEETA SURFACE COATINGS,273/2025-26,2025-04-25,57348.0,0.0,57348.0,0.0,0.0
GAJANAN ELECTRICAL,25-26/10,2025-04-27,10148.0,10148.0,0.0,0.0,1.0
GAJANAN ELECTRICAL,25-26/11,2025-04-27,2478.0,2478.0,0.0,0.0,1.0
CASH MEMO,GAMIL STORAGE QUALITY PC-200GB,2025-04-27,2100.0,2100.0,0.0,0.0,1.0
CASH MEMO,NARAL FOR AMAVSYA,2025-04-27,30.0,30.0,0.0,0.0,1.0
CASH MEMO,PLUMBER CHARGES,2025-04-28,1000.0,1000.0,0.0,0.0,1.0
CASH MEMO,PRINCE HARDWARE ELECTRICALS,2025-04-28,1870.0,1870.0,0.0,0.0,1.0
NAYARA ENERGY,D1149,2025-04-28,3331.63,3331.63,0.0,0.0,1.0
SAI SAGAR,UNKNOWN,2025-04-28,526.0,526.0,0.0,0.0,1.0
EQUIFAB INDIA PVT.LTD,EIPL-6/2025-26,2025-04-28,35872.0,0.0,35872.0,0.0,0.0
GEETA SURFACE COATINGS,338/2025-26,2025-04-29,5310.0,0.0,5310.0,0.0,0.0
GEETA SURFACE COATINGS,340/2025-26,2025-04-29,8496.0,0.0,8496.0,0.0,0.0
SAROVAR TUBES INDUSTRIES,90/2025-26,2025-04-29,10649.5,0.0,10649.5,0.0,0.0
EQUIFAB INDIA PVT.LTD,EIPL-7/2025-26,2025-04-29,210512.0,0.0,210512.0,0.0,0.0
GEETA SURFACE COATINGS,339/2025-26,2025-04-29,13806.0,0.0,13806.0,0.0,0.0
RAVIRAJ ANODISERS,25-26/109,2025-04-29,1770.0,0.0,1770.0,0.0,0.0
RAVIRAJ ANODISERS,25-26/112,2025-04-30,354.0,0.0,354.0,0.0,0.0
MAK HEAT TREAT SOLUTIONS PVT LTD,A003478,2025-04-30,3186.0,3186.0,0.0,0.0,1.0
SANSKRUTI ENTERPRISES,GT/254,2025-04-30,84039.6,0.0,84039.6,0.0,0.0
SHANTANU INDUSTRIES,2,2025-04-30,664784.86,664784.86,0.0,0.0,1.0
EQUIFAB INDIA PVT.LTD,EIPL-8/2025-26,2025-04-30,20296.0,0.0,20296.0,0.0,0.0
BHAIRAVNATH ENTERPRISES,10461,2025-04-30,7980.0,0.0,7980.0,0.0,0.0
MAITRI METALS PVT. LTD.,MEG/V/0379/25-26,2025-04-30,91025.2,0.0,91025.2,0.0,0.0
MAITRI METALS PVT. LTD.,MEG/V/0382/25-26,2025-04-30,3345.3,0.0,3345.3,0.0,0.0
CHINTAMANI TRANSPORT SERVICES,25261403484,2025-04-30,2245.0,2245.0,0.0,0.0,1.0
CHINTAMANI TRANSPORT SERVICES,CTS-1924,2025-04-30,2785.0,2785.0,0.0,0.0,1.0
GEETA SURFACE COATINGS,346/2025-26,2025-04-30,13806.0,0.0,13806.0,0.0,0.0
S.S. SALES & SERVICES,SS25-26/0037,2025-04-30,5605.0,0.0,5605.0,0.0,0.0
HOTEL PRATIK,01,2025-04-30,2970.0,2970.0,0.0,0.0,1.0
HOTEL SHIVRAJ,01,2025-04-30,14090.0,14090.0,0.0,0.0,1.0
ROHIT WADEWALE,01,2025-04-30,2810.0,2810.0,0.0,0.0,1.0
ROHIT WADEWALE,02,2025-04-30,21520.0,21520.0,0.0,0.0,1.0
VENUS DATA PRODUCTS PVT LTD,MH63/2526/1172,2025-04-30,4999.66,4999.66,0.0,0.0,1.0
VENUS DATA PRODUCTS PVT LTD,MH57/2526/790,2025-04-30,172899.5,172899.5,0.0,0.0,1.0
SHIELD INDIA GROUP OF SERVICES,SIGS/PN/15/25-26,2025-05-01,45780.0,45780.0,0.0,0.0,1.0
NAYARA ENERGY,NAYARA (MH14KA1694),2025-05-02,3000.0,3000.0,0.0,0.0,1.0
CASH MEMO,CASH VOUCHER (plumbing charges),2025-05-03,200.0,200.0,0.0,0.0,1.0
RAJLAXMI ELECTRICAL & HARDWARE,14989,2025-05-03,413.0,0.0,413.0,0.0,0.0
GEETA SURFACE COATINGS,4-CREDIT NOTE,2025-05-03,13806.0,0.0,13806.0,0.0,0.0
GEETA SURFACE COATINGS,5-CREDIT NOTE,2025-05-03,13806.0,0.0,13806.0,0.0,0.0
GEETA SURFACE COATINGS,381/2025-26,2025-05-03,6048.0,0.0,6048.0,0.0,0.0
SHANTANU CRANE SERVICES,53/2025-26,2025-05-03,7906.0,0.0,7906.0,0.0,0.0
MAULI ENTERPRISES,226/25-26,2025-05-04,2159.4,0.0,2159.4,0.0,0.0
CASH MEMO,(REKHA ENG.(plate cutting)12678,2025-05-05,150.0,150.0,0.0,0.0,1.0
CASH MEMO,(HR NO RECHARGE),2025-05-05,202.0,202.0,0.0,0.0,1.0
SUPERWELD SOURCES PVT LTD,4495/2526,2025-05-05,19366.0,19366.0,0.0,0.0,1.0
MAITRI METALS PVT. LTD.,MEG/V/0401/25-26,2025-05-05,3186.0,0.0,3186.0,0.0,0.0
ESSTECH ENGINEERING,094,2025-05-05,54404.0,57318.5,-2914.5,0.0,1.0535714285714286
AVINASH CARGO PVT LTD,2509701749,2025-05-05,483.0,0.0,483.0,0.0,0.0
EBY Fasteners,EBY/25-26/0167,2025-05-05,31081.2,31081.2,0.0,0.0,1.0
MASCOT SYSTEMS PVT LTD,60270-26,2025-05-06,5267.52,0.0,5267.52,0.0,0.0
MAHAVITARAN,2867830584,2025-05-06,73590.0,73590.0,0.0,0.0,1.0
SWASTIK ENGINEERING WORKS,025/25-26,2025-05-07,73042.0,0.0,73042.0,0.0,0.0
AVINASH CARGO PVT LTD,2509102369,2025-05-07,610.0,0.0,610.0,0.0,0.0
SUPERWELD SOURCES PVT LTD,4769/2526,2025-05-07,8260.0,0.0,8260.0,0.0,0.0
GAURAV NDT SERVICES,GNS-25-26-061,2025-05-07,8035.8,0.0,8035.8,0.0,0.0
RAVIRAJ ANODISERS,25-26/131,2025-05-07,708.0,0.0,708.0,0.0,0.0
PLATING ENGINEERING,94,2025-05-07,2391.86,0.0,2391.86,0.0,0.0
SHEKASA ENGINEERING,55/25-26,2025-05-07,20240.8,0.0,20240.8,0.0,0.0
CASH MEMO,ASHTAVINAYAK PLYWOOD AND HARDWARE,2025-05-07,9593.4,0.0,9593.4,0.0,0.0
MAITRI METALS PVT. LTD.,MEG/V/0454/25-26,2025-05-07,1168.2,0.0,1168.2,0.0,0.0
CASH MEMO,CASH MEMO(PANTRY ITEMS),2025-05-08,960.0,0.0,960.0,0.0,0.0
MAHARASHTRA HARDWARE,CASH MEMO,2025-05-09,210.0,210.0,0.0,0.0,1.0
CASH MEMO,812,2025-05-09,250.0,250.0,0.0,0.0,1.0
ADITYA STAINLESS (INDIA),25-26/61,2025-05-09,64841.0,0.0,64841.0,0.0,0.0
SANGHVI INTERNATIONAL,SI/115/25-26,2025-05-09,12390.0,0.0,12390.0,0.0,0.0
M/S AZAD ENGINEERING,4,2025-05-10,6000.0,6000.0,0.0,0.0,1.0
CSA FITTINGS,CF/25-26/187,2025-06-12,41300.0,41300.0,0.0,0.0,1.0
AVINASH CARGO PVT LTD,2536800646,2025-05-12,800.0,800.0,0.0,0.0,1.0
ELCA QUALITY SYSTEMS & CALIBRATIONS PVT.LTD,25-26/P2388,2025-05-12,590.0,0.0,590.0,0.0,0.0
UNICITI SOLUTION PVT.LTD.,INV/25-26/00874,2025-05-12,2330.0,0.0,2330.0,0.0,0.0
RAVIRAJ ANODISERS,25-26/144,2025-05-12,531.0,0.0,531.0,0.0,0.0
SAROVAR TUBES INDUSTRIES,135/2025-26,2025-05-12,9540.3,0.0,9540.3,0.0,0.0
GAURAV NDT SERVICES,GNS-25-26-065,2025-05-12,2761.2,0.0,2761.2,0.0,0.0
CSA FITTINGS,CF/25-26/187,2025-05-12,41300.0,0.0,41300.0,0.0,0.0
HOTEL CLASSIO,53,2025-05-12,3461.0,3461.0,0.0,0.0,1.0
GEETA SURFACE COATINGS,466/2025-26,2025-05-13,5040.0,0.0,5040.0,0.0,0.0
GEETA SURFACE COATINGS,477/2025-26,2025-06-13,12744.0,0.0,12744.0,0.0,0.0
ESIC-EMPLOYEES STATE INSURANCE CORPORATION,03325119568119,2025-05-13,8745.0,8745.0,0.0,0.0,1.0
EMPLOYEE PROVIDEND FUND ORGANISATION,3152505011075,2025-05-13,61563.0,61563.0,0.0,0.0,1.0
CASH MEMO,CASH MEMO(H/CLIP),2025-05-13,30.0,30.0,0.0,0.0,1.0
HOTEL CLASSIO,6,2025-05-13,1299.0,1299.0,0.0,0.0,1.0
SHANTANU CRANE SERVICES,128/2025-26,2025-05-14,1180.0,0.0,1180.0,0.0,0.0
MAULI ENTERPRISES,280/25-26,2025-05-14,306.8,0.0,306.8,0.0,0.0
NAYARA ENERGY,E0357,2025-05-14,2946.0,2946.0,0.0,0.0,1.0
NAYARA ENERGY,NAYARA (DG-37.41 LTR),2025-05-14,3350.0,3350.0,0.0,0.0,1.0
NAYARA ENERGY,HP PETROLOUM-E1120,2025-05-14,4301.0,4301.0,0.0,0.0,1.0
PENTAGON MACHINES AND TOOLS,PMT/25-26/40109,2025-05-14,3776.0,3776.0,0.0,0.0,1.0
SUPERWELD SOURCES PVT LTD,5758/2526,2025-05-14,13806.0,0.0,13806.0,0.0,0.0
EAGLE BURGMANN INDIA PVT LTD,27100876,2025-05-14,178635.48,0.0,178635.48,0.0,0.0
EQUIFAB INDIA PVT.LTD,EIPL-12/2025-26,2025-05-14,75260.4,0.0,75260.4,0.0,0.0
EQUIFAB INDIA PVT.LTD,EIPL-13/2025-26,2025-05-14,20296.0,0.0,20296.0,0.0,0.0
EQUIFAB INDIA PVT.LTD,EIPL-14/2025-26,2025-05-14,70092.0,0.0,70092.0,0.0,0.0
EQUIFAB INDIA PVT.LTD,EIPL-15/2025-26,2025-05-14,165436.0,0.0,165436.0,0.0,0.0
AVINASH CARGO PVT LTD,2518901159,2025-05-15,600.0,0.0,600.0,0.0,0.0
UNI KLINGER LTD,25220198,2025-05-15,7024.54,7024.54,0.0,0.0,1.0
MAULI ENTERPRISES,289/25-26,2025-05-17,1534.0,0.0,1534.0,0.0,0.0
UNISON ENTERPRISES,UE/2025-26/0192,2025-05-17,245.44,245.44,0.0,0.0,1.0
EQUIFAB INDIA PVT.LTD,EIPL-16/2025-26,2025-05-18,53808.0,0.0,53808.0,0.0,0.0
MAHARASHTRA HARDWARE,CASH MEMO,2025-05-19,80.0,80.0,0.0,0.0,1.0
MAHARASHTRA HARDWARE,6,2025-05-19,5400.0,5400.0,0.0,0.0,1.0
METAL IMPEX INDIA,79,2025-05-19,21712.0,0.0,21712.0,0.0,0.0
METAL IMPEX INDIA,82,2025-05-20,27435.0,0.0,27435.0,0.0,0.0
RAVIRAJ ANODISERS,25-26/177,2025-05-20,4071.0,0.0,4071.0,0.0,0.0
SHREE MARUTI COURIER,MIST,2025-05-20,50.0,50.0,0.0,0.0,1.0
CLASSIC LASER INDUSTRIES,433/25-26,2025-05-20,6787.2,0.0,6787.2,0.0,0.0
GAURAV NDT SERVICES,GNS-25-26-081,2025-05-20,2761.2,0.0,2761.2,0.0,0.0
GAURAV NDT SERVICES,GNS-25-26-082,2025-05-20,2301.0,0.0,2301.0,0.0,0.0
GEETA SURFACE COATINGS,546/2025-26,2025-05-20,42480.0,0.0,42480.0,0.0,0.0
GEETA SURFACE COATINGS,547/2025-26,2025-05-20,4248.0,0.0,4248.0,0.0,0.0
NAYARA ENERGY,NAYARA (DG-37 LTR)-E0543,2025-05-20,3340.0,3340.0,0.0,0.0,1.0
NAYARA ENERGY,NAYARA (DG-37 LTR)-E0581,2025-05-21,3403.0,3403.0,0.0,0.0,1.0
EQUIFAB INDIA PVT.LTD,EIPL-17/2025-26,2025-05-21,47200.0,0.0,47200.0,0.0,0.0
SUPERWELD SOURCES PVT LTD,6571/2526,2025-05-21,6018.0,0.0,6018.0,0.0,0.0
TUV INDIA PVT LTD,MH2526003491,2025-05-21,30680.0,0.0,30680.0,0.0,0.0
TUV INDIA PVT LTD,75/25-26,2025-05-21,183873.5,0.0,183873.5,0.0,0.0
CASH MEMO,VARAD ENTERPRISES,2025-05-21,206500.0,206500.0,0.0,0.0,1.0
GAJANAN ELECTRICAL,25-26/28,2025-05-22,8201.0,0.0,8201.0,0.0,0.0
HOTEL NEW SAI SAGAR,40,2025-05-23,1324.0,1324.0,0.0,0.0,1.0
NAYARA ENERGY,HP PETROLOUM-(DG 37.52 LTR),2025-05-23,3400.0,3400.0,0.0,0.0,1.0
NAYARA ENERGY,HP PETROLOUM-(MH14KA1694),2025-05-23,599.0,599.0,0.0,0.0,1.0
SACHIN ELECTRIC & MOTER RWINDING,180,2025-05-23,5500.0,5500.0,0.0,0.0,1.0
CASH MEMO,MONGINIES CAKE(YOGESH),2025-05-23,430.0,430.0,0.0,0.0,1.0
CASH MEMO,CASH MEMO(WIRELESS USB-QA PC),2025-05-24,550.0,550.0,0.0,0.0,1.0
CASH MEMO,NAYARA ( DG-37.06 LTR),2025-05-24,3319.0,3319.0,0.0,0.0,1.0
SHREE MARUTI COURIER,WIKA,2025-05-24,50.0,50.0,0.0,0.0,1.0
MAHARASHTRA HARDWARE,20759,2025-05-24,1016.69,0.0,1016.69,0.0,0.0
HI-TECH POLYMERS,HTP/25-26/01292,2025-05-25,472.0,472.0,0.0,0.0,1.0
NAYARA ENERGY,NAYARA (MH14KA1694),2025-05-26,2673.0,2673.0,0.0,0.0,1.0
SAINIK MEDICAL,154,2025-05-26,340.0,0.0,340.0,0.0,0.0
SAINIK MEDICAL,EIPL-18/2025-26,2025-05-26,24426.0,0.0,24426.0,0.0,0.0
MAULI ENTERPRISES,336/25-26,2025-05-26,1066.72,0.0,1066.72,0.0,0.0
MAITRI METALS PVT. LTD.,MEG/V/0698/2526,2025-05-26,42055.2,0.0,42055.2,0.0,0.0
CASH MEMO,CASH MEMO(NARAL ),2025-05-27,45.0,45.0,0.0,0.0,1.0
GEETA SURFACE COATINGS,619/2025-26,2025-05-27,57348.0,0.0,57348.0,0.0,0.0
GAURAV NDT SERVICES,GNS-25-26-089,2025-05-27,1770.0,0.0,1770.0,0.0,0.0
GAURAV NDT SERVICES,GNS-25-26-090,2025-05-27,2832.0,0.0,2832.0,0.0,0.0
GAURAV NDT SERVICES,GNS-25-26-091,2025-05-27,2761.2,0.0,2761.2,0.0,0.0
SHREE VENKATESH ENTERPRISES,598,2025-05-27,3000.0,3000.0,0.0,0.0,1.0
EQUIFAB INDIA PVT.LTD,EIPL-19/2025-26,2025-05-27,188160.0,0.0,188160.0,0.0,0.0
EQUIFAB INDIA PVT.LTD,EIPL-20/2025-26,2025-05-27,268800.0,0.0,268800.0,0.0,0.0
EQUIFAB INDIA PVT.LTD,EIPL-21/2025-26,2025-05-27,206976.0,0.0,206976.0,0.0,0.0
EQUIFAB INDIA PVT.LTD,EIPL-22/2025-26,2025-05-28,92960.0,0.0,92960.0,0.0,0.0
INTERNATIONAL CALIBRATION SERVICES,25-26/142,2025-05-28,5192.0,0.0,5192.0,0.0,0.0
CASH MEMO,CASH MEMO(MOP PURCHASED),2025-05-29,250.0,250.0,0.0,0.0,1.0
MAHARASHTRA HARDWARE,20875,2025-05-29,560.5,0.0,560.5,0.0,0.0
TAJ ENTERPRISES,TAJ/2025-26/0182,2025-05-29,7080.0,0.0,7080.0,0.0,0.0
EQUIFAB INDIA PVT.LTD,EIPL-23/2025-26,2025-05-30,100352.0,0.0,100352.0,0.0,0.0
EQUIFAB INDIA PVT.LTD,EIPL-24/2025-26,2025-05-30,330624.0,0.0,330624.0,0.0,0.0
SUPERWELD SOURCES PVT LTD,7706/2526,2025-05-31,3304.0,0.0,3304.0,0.0,0.0
SANSKRUTI ENTERPRISES,GT/490,2025-05-31,91190.4,0.0,91190.4,0.0,0.0
AKSHAY TEMPO SERVICE,2502046,2025-05-31,2500.0,0.0,2500.0,0.0,0.0
SHREE METAL INDIA,150/25-26,2025-05-31,75082.69,0.0,75082.69,0.0,0.0
SHANTANU INDUSTRIES,5,2025-05-31,664784.86,0.0,664784.86,0.0,0.0
HOTEL PRATIK,2,2025-05-31,2480.0,0.0,2480.0,0.0,0.0
BHAIRAVNATH ENTERPRISES,10484,2025-05-31,5370.0,0.0,5370.0,0.0,0.0
ROHIT WADEWALE,3,2025-05-31,13272.0,0.0,13272.0,0.0,0.0
ROHIT WADEWALE,4,2025-05-31,500.0,0.0,500.0,0.0,0.0
HOTEL SHIVRAJ,2,2025-05-31,1040.0,0.0,1040.0,0.0,0.0
CASH MEMO,CASH MEMO(PURCHASE RECHARGE-MAY),2025-05-31,222.0,222.0,0.0,0.0,1.0
